-- Insert Mock Stores Data
-- Run this in Supabase SQL Editor after running add-stores-table.sql

-- Insert sample stores across different cities in India
INSERT INTO stores (
  name,
  address,
  city,
  state,
  pincode,
  country,
  phone,
  email,
  latitude,
  longitude,
  opening_hours,
  image_url,
  description,
  display_order,
  is_active
) VALUES
(
  'Dakshamani Store - Mumbai',
  'Shop No. 15, Ground Floor, Phoenix Market City, Kurla West',
  'Mumbai',
  'Maharashtra',
  '400070',
  'India',
  '+91-9876543210',
  'mumbai@dakshamani.com',
  19.0760,
  72.8777,
  '{"monday": "10:00 AM - 10:00 PM", "tuesday": "10:00 AM - 10:00 PM", "wednesday": "10:00 AM - 10:00 PM", "thursday": "10:00 AM - 10:00 PM", "friday": "10:00 AM - 10:00 PM", "saturday": "10:00 AM - 11:00 PM", "sunday": "11:00 AM - 9:00 PM"}',
  'https://images.unsplash.com/photo-1441986300917-64674bd600d8?w=800',
  'Our flagship store in the heart of Mumbai. Experience premium shopping with personalized service.',
  0,
  true
),
(
  'Dakshamani Store - Delhi',
  'Unit 23, DLF Promenade, Vasant Kunj',
  'Delhi',
  'Delhi',
  '110070',
  'India',
  '+91-9876543211',
  'delhi@dakshamani.com',
  28.6139,
  77.2090,
  '{"monday": "10:00 AM - 9:00 PM", "tuesday": "10:00 AM - 9:00 PM", "wednesday": "10:00 AM - 9:00 PM", "thursday": "10:00 AM - 9:00 PM", "friday": "10:00 AM - 10:00 PM", "saturday": "10:00 AM - 10:00 PM", "sunday": "11:00 AM - 8:00 PM"}',
  'https://images.unsplash.com/photo-1441986300917-64674bd600d8?w=800',
  'Located in one of Delhi''s premier shopping destinations. Wide selection and expert staff.',
  1,
  true
),
(
  'Dakshamani Store - Bangalore',
  'No. 45, MG Road, Brigade Road Junction',
  'Bangalore',
  'Karnataka',
  '560001',
  'India',
  '+91-9876543212',
  'bangalore@dakshamani.com',
  12.9716,
  77.5946,
  '{"monday": "9:30 AM - 9:30 PM", "tuesday": "9:30 AM - 9:30 PM", "wednesday": "9:30 AM - 9:30 PM", "thursday": "9:30 AM - 9:30 PM", "friday": "9:30 AM - 9:30 PM", "saturday": "9:30 AM - 10:00 PM", "sunday": "10:00 AM - 9:00 PM"}',
  'https://images.unsplash.com/photo-1441986300917-64674bd600d8?w=800',
  'Tech city''s favorite shopping destination. Modern store with latest collections.',
  2,
  true
),
(
  'Dakshamani Store - Chennai',
  'Shop 12, Express Avenue Mall, White''s Road, Royapettah',
  'Chennai',
  'Tamil Nadu',
  '600014',
  'India',
  '+91-9876543213',
  'chennai@dakshamani.com',
  13.0827,
  80.2707,
  '{"monday": "10:00 AM - 9:00 PM", "tuesday": "10:00 AM - 9:00 PM", "wednesday": "10:00 AM - 9:00 PM", "thursday": "10:00 AM - 9:00 PM", "friday": "10:00 AM - 9:00 PM", "saturday": "10:00 AM - 9:30 PM", "sunday": "10:00 AM - 8:30 PM"}',
  'https://images.unsplash.com/photo-1441986300917-64674bd600d8?w=800',
  'Serving Chennai with quality products and exceptional customer service since 2015.',
  3,
  true
),
(
  'Dakshamani Store - Hyderabad',
  'Ground Floor, Inorbit Mall, Cyberabad',
  'Hyderabad',
  'Telangana',
  '500081',
  'India',
  '+91-9876543214',
  'hyderabad@dakshamani.com',
  17.3850,
  78.4867,
  '{"monday": "10:00 AM - 9:00 PM", "tuesday": "10:00 AM - 9:00 PM", "wednesday": "10:00 AM - 9:00 PM", "thursday": "10:00 AM - 9:00 PM", "friday": "10:00 AM - 9:30 PM", "saturday": "10:00 AM - 9:30 PM", "sunday": "11:00 AM - 8:00 PM"}',
  'https://images.unsplash.com/photo-1441986300917-64674bd600d8?w=800',
  'Pearl city''s premium shopping experience. Visit us for exclusive collections.',
  4,
  true
),
(
  'Dakshamani Store - Pune',
  'Unit 8, Phoenix Marketcity, Viman Nagar',
  'Pune',
  'Maharashtra',
  '411014',
  'India',
  '+91-9876543215',
  'pune@dakshamani.com',
  18.5204,
  73.8567,
  '{"monday": "10:00 AM - 9:00 PM", "tuesday": "10:00 AM - 9:00 PM", "wednesday": "10:00 AM - 9:00 PM", "thursday": "10:00 AM - 9:00 PM", "friday": "10:00 AM - 9:00 PM", "saturday": "10:00 AM - 9:30 PM", "sunday": "11:00 AM - 8:30 PM"}',
  'https://images.unsplash.com/photo-1441986300917-64674bd600d8?w=800',
  'Pune''s trusted store for quality products and great deals.',
  5,
  true
),
(
  'Dakshamani Store - Kolkata',
  'Shop 3B, South City Mall, Prince Anwar Shah Road',
  'Kolkata',
  'West Bengal',
  '700068',
  'India',
  '+91-9876543216',
  'kolkata@dakshamani.com',
  22.5726,
  88.3639,
  '{"monday": "10:30 AM - 9:00 PM", "tuesday": "10:30 AM - 9:00 PM", "wednesday": "10:30 AM - 9:00 PM", "thursday": "10:30 AM - 9:00 PM", "friday": "10:30 AM - 9:00 PM", "saturday": "10:30 AM - 9:30 PM", "sunday": "11:00 AM - 8:00 PM"}',
  'https://images.unsplash.com/photo-1441986300917-64674bd600d8?w=800',
  'City of joy welcomes you to our store. Experience Bengali hospitality with quality products.',
  6,
  true
),
(
  'Dakshamani Store - Ahmedabad',
  'Shop No. 22, Alpha One Mall, Vastrapur',
  'Ahmedabad',
  'Gujarat',
  '380015',
  'India',
  '+91-9876543217',
  'ahmedabad@dakshamani.com',
  23.0225,
  72.5714,
  '{"monday": "10:00 AM - 9:00 PM", "tuesday": "10:00 AM - 9:00 PM", "wednesday": "10:00 AM - 9:00 PM", "thursday": "10:00 AM - 9:00 PM", "friday": "10:00 AM - 9:00 PM", "saturday": "10:00 AM - 9:30 PM", "sunday": "11:00 AM - 8:00 PM"}',
  'https://images.unsplash.com/photo-1441986300917-64674bd600d8?w=800',
  'Gujarat''s premier shopping destination. Quality products at great prices.',
  7,
  true
),
(
  'Dakshamani Store - Jaipur',
  'Ground Floor, World Trade Park, Malviya Nagar',
  'Jaipur',
  'Rajasthan',
  '302017',
  'India',
  '+91-9876543218',
  'jaipur@dakshamani.com',
  26.9124,
  75.7873,
  '{"monday": "10:00 AM - 8:30 PM", "tuesday": "10:00 AM - 8:30 PM", "wednesday": "10:00 AM - 8:30 PM", "thursday": "10:00 AM - 8:30 PM", "friday": "10:00 AM - 9:00 PM", "saturday": "10:00 AM - 9:00 PM", "sunday": "11:00 AM - 8:00 PM"}',
  'https://images.unsplash.com/photo-1441986300917-64674bd600d8?w=800',
  'Pink city''s royal shopping experience. Authentic products with traditional charm.',
  8,
  true
),
(
  'Dakshamani Store - Surat',
  'Shop 15, VR Surat Mall, Dumas Road',
  'Surat',
  'Gujarat',
  '395007',
  'India',
  '+91-9876543219',
  'surat@dakshamani.com',
  21.1702,
  72.8311,
  '{"monday": "10:00 AM - 9:00 PM", "tuesday": "10:00 AM - 9:00 PM", "wednesday": "10:00 AM - 9:00 PM", "thursday": "10:00 AM - 9:00 PM", "friday": "10:00 AM - 9:00 PM", "saturday": "10:00 AM - 9:30 PM", "sunday": "11:00 AM - 8:00 PM"}',
  'https://images.unsplash.com/photo-1441986300917-64674bd600d8?w=800',
  'Diamond city''s trusted store. Quality products for quality-conscious customers.',
  9,
  true
);

-- Update the map settings with a placeholder image URL
-- Replace this URL with your actual India map image
UPDATE store_map_settings
SET map_image_url = 'https://images.unsplash.com/photo-1524661135-423995f22d0b?w=1200',
    description = 'Our store locations across India. Visit us at any of our outlets for the best shopping experience.'
WHERE id IN (SELECT id FROM store_map_settings LIMIT 1);

